<OperationOutcome xmlns="http://hl7.org/fhir">
	<id value="__MESSAGEID__"/>
	<meta>
		<profile value="https://fhir.nhs.uk/STU3/StructureDefinition/Spine-OperationOutcome-1"/>
	</meta>
	<issue>
		<severity value="error"/>
		<code value="invalid"/>
		<details>
			<coding>
				<system value="https://fhir.nhs.uk/STU3/CodeSystem/Spine-ErrorOrWarningCode-1"/>
				<code value="INTERNAL_SERVER_ERROR"/>
				<display value="Unexpected internal server error"/>
			</coding>
		</details>
		<diagnostics value="There has been an internal error when attempting to persist the DocumentReference. Please contact the national helpdesk quoting - __SPINEID__"/>
	</issue>
</OperationOutcome>
