{
	"resourceType": "DocumentReference",
	"meta": {
		"profile": ["https://fhir.nhs.uk/STU3/StructureDefinition/NRLS-DocumentReference-1"]
	},
	"status": "current",
	"type": {
		"coding": [{
			"system": "http://snomed.info/sct",
			"code": "736253002",
			"display": "Mental health crisis plan (record artifact)"
		}]
	},
	"subject": {
		"reference": "https://demographics.spineservices.nhs.uk/STU3/Patient/9462206007"
	},
	"created": "2016-03-08T15:26:00+01:00",
	"indexed": "2016-03-08T15:26:01+01:00",
	"author": [{
		"reference": "https://directory.spineservices.nhs.uk/STU3/Organization/RGD"
	}],
	"custodian": {
		"reference": "https://directory.spineservices.nhs.uk/STU3/Organization/RR8"
	},
	"content": [{
		"attachment": {
			"contentType": "application/pdf",
			"url": "https://spine-proxy.national.ncrs.nhs.uk/p1.nhs.uk/MentalhealthCrisisPlanReport.pdf",
			"title": "Mental health Crisis Plan Report",
			"creation": "2016-03-08T15:26:00+01:00"
		}
	}]
}